chrom,start,end,strand,pattern,subpattern
chr1,99801,99821,+,pos/pattern_2,
chr1,100000,100020,-,pos/pattern_0,
chr1,100164,100184,+,pos/pattern_1,
chr1,117960,117980,-,pos/pattern_1,
chr1,118000,118020,-,pos/pattern_0,
chr1,118239,118259,-,pos/pattern_2,
chr1,136000,136020,+,pos/pattern_0,
chr1,136040,136060,+,pos/pattern_1,
chr1,136234,136254,+,pos/pattern_2,
chr1,153960,153980,-,pos/pattern_1,
chr1,154000,154020,-,pos/pattern_0,
chr1,154151,154171,+,pos/pattern_2,
chr1,171938,171958,-,pos/pattern_2,
chr1,172000,172020,+,pos/pattern_0,
chr1,172139,172159,-,pos/pattern_1,
chr1,189960,189980,-,pos/pattern_1,
chr1,190000,190020,-,pos/pattern_0,
chr1,190070,190090,+,pos/pattern_2,
chr1,207926,207946,+,pos/pattern_2,
chr1,207960,207980,-,pos/pattern_1,
chr1,208000,208020,-,pos/pattern_0,
chr1,226000,226020,+,pos/pattern_0,
chr1,226040,226060,+,pos/pattern_1,
chr1,226212,226232,-,pos/pattern_2,
chr1,243960,243980,-,pos/pattern_1,
chr1,244000,244020,-,pos/pattern_0,
chr1,244092,244112,-,pos/pattern_2,
chr1,261799,261819,-,pos/pattern_2,
chr1,261960,261980,-,pos/pattern_1,
chr1,262000,262020,-,pos/pattern_0,
chr1,280000,280020,+,pos/pattern_0,
chr1,280134,280154,+,pos/pattern_2,
chr1,280146,280166,-,pos/pattern_1,
chr1,298000,298020,+,pos/pattern_0,
chr1,298040,298060,+,pos/pattern_1,
chr1,298106,298126,+,pos/pattern_2,
chr1,315885,315905,+,pos/pattern_1,
chr1,316000,316020,-,pos/pattern_0,
chr1,316197,316217,-,pos/pattern_2,
chr1,333782,333802,-,pos/pattern_2,
chr1,334000,334020,+,pos/pattern_0,
chr1,334195,334215,-,pos/pattern_1,
chr1,351960,351980,-,pos/pattern_1,
chr1,352000,352020,-,pos/pattern_0,
chr1,352089,352109,-,pos/pattern_2,
chr1,370000,370020,+,pos/pattern_0,
chr1,370040,370060,+,pos/pattern_1,
chr1,370126,370146,+,pos/pattern_2,
chr1,387789,387809,-,pos/pattern_2,
chr1,387960,387980,-,pos/pattern_1,
chr1,388000,388020,-,pos/pattern_0,
chr1,405960,405980,-,pos/pattern_1,
chr1,406000,406020,-,pos/pattern_0,
chr1,406190,406210,-,pos/pattern_2,
chr1,423761,423781,+,pos/pattern_2,
chr1,423868,423888,-,pos/pattern_1,
chr1,424000,424020,-,pos/pattern_0,
chr1,441922,441942,-,pos/pattern_2,
chr1,441960,441980,-,pos/pattern_1,
chr1,442000,442020,-,pos/pattern_0,
chr1,459918,459938,+,pos/pattern_2,
chr1,460000,460020,+,pos/pattern_0,
chr1,460040,460060,+,pos/pattern_1,
chr1,477859,477879,-,pos/pattern_2,
chr1,478000,478020,+,pos/pattern_0,
chr1,478104,478124,-,pos/pattern_1,
chr1,496000,496020,+,pos/pattern_0,
chr1,496040,496060,+,pos/pattern_1,
chr1,496089,496109,-,pos/pattern_2,
chr1,513960,513980,-,pos/pattern_1,
chr1,514000,514020,-,pos/pattern_0,
chr1,514182,514202,-,pos/pattern_2,
chr1,532000,532020,-,pos/pattern_0,
chr1,532074,532094,-,pos/pattern_2,
chr1,532196,532216,+,pos/pattern_1,
chr1,549767,549787,-,pos/pattern_1,
chr1,550000,550020,+,pos/pattern_0,
chr1,550207,550227,+,pos/pattern_2,
chr1,567868,567888,+,pos/pattern_2,
chr1,568000,568020,-,pos/pattern_0,
chr1,568144,568164,-,pos/pattern_1,
chr1,585960,585980,-,pos/pattern_1,
chr1,586000,586020,-,pos/pattern_0,
chr1,586136,586156,-,pos/pattern_2,
chr1,603796,603816,-,pos/pattern_1,
chr1,604000,604020,+,pos/pattern_0,
chr1,604128,604148,-,pos/pattern_2,
chr1,621774,621794,-,pos/pattern_2,
chr1,622000,622020,+,pos/pattern_0,
chr1,622093,622113,+,pos/pattern_1,
chr1,640000,640020,+,pos/pattern_0,
chr1,640143,640163,-,pos/pattern_1,
chr1,640208,640228,+,pos/pattern_2,
chr1,657929,657949,+,pos/pattern_2,
chr1,657960,657980,-,pos/pattern_1,
chr1,658000,658020,-,pos/pattern_0,
chr1,676000,676020,+,pos/pattern_0,
chr1,676129,676149,+,pos/pattern_1,
chr1,676187,676207,-,pos/pattern_2,
chr1,693960,693980,-,pos/pattern_1,
chr1,694000,694020,-,pos/pattern_0,
chr1,694148,694168,+,pos/pattern_2,
chr1,711960,711980,-,pos/pattern_1,
chr1,712000,712020,-,pos/pattern_0,
chr1,712108,712128,-,pos/pattern_2,
chr1,729769,729789,-,pos/pattern_2,
chr1,730000,730020,+,pos/pattern_0,
chr1,730040,730060,+,pos/pattern_1,
chr1,747937,747957,+,pos/pattern_1,
chr1,748000,748020,+,pos/pattern_0,
chr1,748155,748175,+,pos/pattern_2,
chr1,765817,765837,+,pos/pattern_2,
chr1,766000,766020,+,pos/pattern_0,
chr1,766068,766088,+,pos/pattern_1,
chr1,784000,784020,+,pos/pattern_0,
chr1,784169,784189,-,pos/pattern_2,
chr1,784207,784227,-,pos/pattern_1,
chr1,801960,801980,-,pos/pattern_1,
chr1,802000,802020,-,pos/pattern_0,
chr1,802233,802253,-,pos/pattern_2,
chr1,819774,819794,+,pos/pattern_2,
chr1,820000,820020,+,pos/pattern_0,
chr1,820220,820240,-,pos/pattern_1,
chr1,837847,837867,+,pos/pattern_2,
chr1,838000,838020,+,pos/pattern_0,
chr1,838040,838060,+,pos/pattern_1,
chr1,856000,856020,-,pos/pattern_0,
chr1,856159,856179,+,pos/pattern_2,
chr1,856234,856254,-,pos/pattern_1,
chr1,873811,873831,-,pos/pattern_2,
chr1,874000,874020,-,pos/pattern_0,
chr1,874183,874203,+,pos/pattern_1,
chr1,891960,891980,-,pos/pattern_1,
chr1,892000,892020,-,pos/pattern_0,
chr1,892090,892110,+,pos/pattern_2,
chr1,910000,910020,+,pos/pattern_0,
chr1,910040,910060,+,pos/pattern_1,
chr1,910142,910162,+,pos/pattern_2,
chr1,928000,928020,+,pos/pattern_0,
chr1,928040,928060,+,pos/pattern_1,
chr1,928136,928156,-,pos/pattern_2,
chr1,945960,945980,-,pos/pattern_1,
chr1,946000,946020,-,pos/pattern_0,
chr1,946168,946188,-,pos/pattern_2,
chr1,963830,963850,-,pos/pattern_2,
chr1,964000,964020,+,pos/pattern_0,
chr1,964040,964060,+,pos/pattern_1,
chr1,981960,981980,-,pos/pattern_1,
chr1,982000,982020,-,pos/pattern_0,
chr1,982229,982249,-,pos/pattern_2,
chr1,999796,999816,+,pos/pattern_2,
chr1,1000000,1000020,+,pos/pattern_0,
chr1,1000040,1000060,+,pos/pattern_1,
chr1,1017868,1017888,+,pos/pattern_1,
chr1,1018000,1018020,+,pos/pattern_0,
chr1,1018101,1018121,-,pos/pattern_2,
chr1,1035960,1035980,-,pos/pattern_1,
chr1,1036000,1036020,-,pos/pattern_0,
chr1,1036165,1036185,+,pos/pattern_2,
chr1,1053960,1053980,-,pos/pattern_1,
chr1,1054000,1054020,-,pos/pattern_0,
chr1,1054226,1054246,-,pos/pattern_2,
chr1,1071847,1071867,-,pos/pattern_1,
chr1,1072000,1072020,+,pos/pattern_0,
chr1,1072181,1072201,+,pos/pattern_2,
chr1,1090000,1090020,+,pos/pattern_0,
chr1,1090040,1090060,+,pos/pattern_1,
chr1,1090184,1090204,-,pos/pattern_2,
chr1,1107832,1107852,+,pos/pattern_2,
chr1,1107960,1107980,-,pos/pattern_1,
chr1,1108000,1108020,-,pos/pattern_0,
chr1,1125918,1125938,-,pos/pattern_2,
chr1,1126000,1126020,-,pos/pattern_0,
chr1,1126103,1126123,+,pos/pattern_1,
chr1,1143870,1143890,+,pos/pattern_2,
chr1,1143960,1143980,-,pos/pattern_1,
chr1,1144000,1144020,-,pos/pattern_0,
chr1,1161960,1161980,-,pos/pattern_1,
chr1,1162000,1162020,-,pos/pattern_0,
chr1,1162178,1162198,-,pos/pattern_2,
chr1,1179836,1179856,-,pos/pattern_2,
chr1,1179960,1179980,-,pos/pattern_1,
chr1,1180000,1180020,-,pos/pattern_0,
chr1,1197879,1197899,-,pos/pattern_2,
chr1,1198000,1198020,+,pos/pattern_0,
chr1,1198040,1198060,+,pos/pattern_1,
chr1,1215960,1215980,-,pos/pattern_1,
chr1,1216000,1216020,-,pos/pattern_0,
chr1,1216136,1216156,+,pos/pattern_2,
chr1,1234000,1234020,+,pos/pattern_0,
chr1,1234040,1234060,+,pos/pattern_1,
chr1,1234062,1234082,+,pos/pattern_2,
chr1,1251834,1251854,+,pos/pattern_1,
chr1,1251909,1251929,+,pos/pattern_2,
chr1,1252000,1252020,-,pos/pattern_0,
chr1,1269844,1269864,-,pos/pattern_1,
chr1,1269909,1269929,-,pos/pattern_2,
chr1,1270000,1270020,+,pos/pattern_0,
chr1,1288000,1288020,+,pos/pattern_0,
chr1,1288134,1288154,+,pos/pattern_1,
chr1,1288168,1288188,-,pos/pattern_2,
chr1,1305868,1305888,-,pos/pattern_1,
chr1,1306000,1306020,+,pos/pattern_0,
chr1,1306081,1306101,-,pos/pattern_2,
chr1,1323842,1323862,+,pos/pattern_2,
chr1,1324000,1324020,+,pos/pattern_0,
chr1,1324040,1324060,+,pos/pattern_1,
chr1,1341905,1341925,+,pos/pattern_1,
chr1,1342000,1342020,-,pos/pattern_0,
chr1,1342146,1342166,-,pos/pattern_2,
chr1,1360000,1360020,+,pos/pattern_0,
chr1,1360040,1360060,+,pos/pattern_1,
chr1,1360143,1360163,-,pos/pattern_2,
chr1,1377831,1377851,+,pos/pattern_2,
chr1,1377922,1377942,+,pos/pattern_1,
chr1,1378000,1378020,+,pos/pattern_0,
chr1,1395960,1395980,-,pos/pattern_1,
chr1,1396000,1396020,-,pos/pattern_0,
chr1,1396133,1396153,+,pos/pattern_2,
chr1,1413808,1413828,+,pos/pattern_2,
chr1,1414000,1414020,+,pos/pattern_0,
chr1,1414040,1414060,+,pos/pattern_1,
chr1,1431829,1431849,+,pos/pattern_1,
chr1,1432000,1432020,-,pos/pattern_0,
chr1,1432215,1432235,-,pos/pattern_2,
chr1,1449805,1449825,+,pos/pattern_2,
chr1,1450000,1450020,+,pos/pattern_0,
chr1,1450040,1450060,+,pos/pattern_1,
chr1,1468000,1468020,-,pos/pattern_0,
chr1,1468068,1468088,-,pos/pattern_2,
chr1,1468184,1468204,-,pos/pattern_1,
chr1,1485862,1485882,-,pos/pattern_2,
chr1,1486000,1486020,+,pos/pattern_0,
chr1,1486073,1486093,+,pos/pattern_1,
chr1,1504000,1504020,+,pos/pattern_0,
chr1,1504040,1504060,+,pos/pattern_1,
chr1,1504148,1504168,-,pos/pattern_2,
chr1,1521795,1521815,-,pos/pattern_1,
chr1,1521821,1521841,+,pos/pattern_2,
chr1,1522000,1522020,+,pos/pattern_0,
chr1,1539883,1539903,+,pos/pattern_2,
chr1,1539960,1539980,-,pos/pattern_1,
chr1,1540000,1540020,-,pos/pattern_0,
chr1,1557872,1557892,-,pos/pattern_2,
chr1,1558000,1558020,+,pos/pattern_0,
chr1,1558040,1558060,+,pos/pattern_1,
chr1,1575773,1575793,+,pos/pattern_2,
chr1,1576000,1576020,+,pos/pattern_0,
chr1,1576040,1576060,+,pos/pattern_1,
chr1,1593960,1593980,-,pos/pattern_1,
chr1,1594000,1594020,-,pos/pattern_0,
chr1,1594198,1594218,-,pos/pattern_2,
chr1,1611793,1611813,-,pos/pattern_1,
chr1,1612000,1612020,-,pos/pattern_0,
chr1,1612098,1612118,-,pos/pattern_2,
chr1,1629960,1629980,-,pos/pattern_1,
chr1,1630000,1630020,-,pos/pattern_0,
chr1,1630203,1630223,+,pos/pattern_2,
chr1,1647824,1647844,-,pos/pattern_1,
chr1,1647847,1647867,-,pos/pattern_2,
chr1,1648000,1648020,-,pos/pattern_0,
chr1,1665787,1665807,+,pos/pattern_2,
chr1,1665960,1665980,-,pos/pattern_1,
chr1,1666000,1666020,-,pos/pattern_0,
chr1,1684000,1684020,+,pos/pattern_0,
chr1,1684151,1684171,+,pos/pattern_1,
chr1,1684224,1684244,-,pos/pattern_2,
chr1,1701811,1701831,+,pos/pattern_2,
chr1,1702000,1702020,+,pos/pattern_0,
chr1,1702040,1702060,+,pos/pattern_1,
chr1,1719897,1719917,-,pos/pattern_2,
chr1,1719960,1719980,-,pos/pattern_1,
chr1,1720000,1720020,-,pos/pattern_0,
chr1,1737960,1737980,-,pos/pattern_1,
chr1,1738000,1738020,-,pos/pattern_0,
chr1,1738232,1738252,+,pos/pattern_2,
chr1,1755922,1755942,-,pos/pattern_1,
chr1,1756000,1756020,+,pos/pattern_0,
chr1,1756216,1756236,-,pos/pattern_2,
chr1,1773928,1773948,+,pos/pattern_2,
chr1,1774000,1774020,-,pos/pattern_0,
chr1,1774230,1774250,-,pos/pattern_1,
chr1,1792000,1792020,+,pos/pattern_0,
chr1,1792040,1792060,+,pos/pattern_1,
chr1,1792074,1792094,+,pos/pattern_2,
chr1,1809901,1809921,+,pos/pattern_2,
chr1,1810000,1810020,+,pos/pattern_0,
chr1,1810040,1810060,+,pos/pattern_1,
chr1,1828000,1828020,+,pos/pattern_0,
chr1,1828040,1828060,+,pos/pattern_1,
chr1,1828120,1828140,+,pos/pattern_2,
chr1,1845925,1845945,-,pos/pattern_2,
chr1,1846000,1846020,+,pos/pattern_0,
chr1,1846040,1846060,+,pos/pattern_1,
chr1,1864000,1864020,+,pos/pattern_0,
chr1,1864040,1864060,+,pos/pattern_1,
chr1,1864098,1864118,+,pos/pattern_2,
chr1,1881812,1881832,+,pos/pattern_1,
chr1,1882000,1882020,-,pos/pattern_0,
chr1,1882178,1882198,+,pos/pattern_2,
chr2,106000,106020,-,pos/pattern_0,
chr2,106081,106101,+,pos/pattern_1,
chr2,106144,106164,+,pos/pattern_2,
chr2,124000,124020,+,pos/pattern_0,
chr2,124040,124060,+,pos/pattern_1,
chr2,124085,124105,-,pos/pattern_2,
chr2,141767,141787,-,pos/pattern_2,
chr2,142000,142020,+,pos/pattern_0,
chr2,142184,142204,+,pos/pattern_1,
chr2,159868,159888,-,pos/pattern_1,
chr2,159872,159892,-,pos/pattern_2,
chr2,160000,160020,+,pos/pattern_0,
chr2,177886,177906,-,pos/pattern_1,
chr2,178000,178020,+,pos/pattern_0,
chr2,178232,178252,+,pos/pattern_2,
chr2,195855,195875,+,pos/pattern_2,
chr2,196000,196020,+,pos/pattern_0,
chr2,196127,196147,-,pos/pattern_1,
chr2,213845,213865,+,pos/pattern_2,
chr2,214000,214020,-,pos/pattern_0,
chr2,214154,214174,-,pos/pattern_1,
chr2,231794,231814,+,pos/pattern_2,
chr2,231960,231980,-,pos/pattern_1,
chr2,232000,232020,-,pos/pattern_0,
chr2,249848,249868,-,pos/pattern_2,
chr2,249912,249932,-,pos/pattern_1,
chr2,250000,250020,+,pos/pattern_0,
chr2,268000,268020,-,pos/pattern_0,
chr2,268191,268211,+,pos/pattern_2,
chr2,268205,268225,+,pos/pattern_1,
chr2,285789,285809,-,pos/pattern_2,
chr2,285826,285846,-,pos/pattern_1,
chr2,286000,286020,+,pos/pattern_0,
chr2,303895,303915,+,pos/pattern_2,
chr2,303960,303980,-,pos/pattern_1,
chr2,304000,304020,-,pos/pattern_0,
chr2,322000,322020,-,pos/pattern_0,
chr2,322163,322183,+,pos/pattern_1,
chr2,322211,322231,-,pos/pattern_2,
chr2,339931,339951,-,pos/pattern_1,
chr2,340000,340020,+,pos/pattern_0,
chr2,340173,340193,-,pos/pattern_2,
chr2,358000,358020,+,pos/pattern_0,
chr2,358040,358060,+,pos/pattern_1,
chr2,358105,358125,-,pos/pattern_2,
chr2,375960,375980,-,pos/pattern_1,
chr2,376000,376020,-,pos/pattern_0,
chr2,376217,376237,-,pos/pattern_2,
chr2,393885,393905,+,pos/pattern_2,
chr2,394000,394020,+,pos/pattern_0,
chr2,394040,394060,+,pos/pattern_1,
chr2,411890,411910,-,pos/pattern_2,
chr2,411960,411980,-,pos/pattern_1,
chr2,412000,412020,-,pos/pattern_0,
chr2,429783,429803,-,pos/pattern_2,
chr2,429960,429980,-,pos/pattern_1,
chr2,430000,430020,-,pos/pattern_0,
chr2,447798,447818,-,pos/pattern_2,
chr2,447871,447891,+,pos/pattern_1,
chr2,448000,448020,+,pos/pattern_0,
chr2,465960,465980,-,pos/pattern_1,
chr2,466000,466020,-,pos/pattern_0,
chr2,466141,466161,-,pos/pattern_2,
chr2,484000,484020,+,pos/pattern_0,
chr2,484040,484060,+,pos/pattern_1,
chr2,484194,484214,+,pos/pattern_2,
chr2,501820,501840,-,pos/pattern_2,
chr2,502000,502020,+,pos/pattern_0,
chr2,502040,502060,+,pos/pattern_1,
chr2,520000,520020,+,pos/pattern_0,
chr2,520120,520140,+,pos/pattern_2,
chr2,520234,520254,+,pos/pattern_1,
chr2,537804,537824,+,pos/pattern_2,
chr2,537960,537980,-,pos/pattern_1,
chr2,538000,538020,-,pos/pattern_0,
chr2,555865,555885,-,pos/pattern_2,
chr2,556000,556020,-,pos/pattern_0,
chr2,556231,556251,-,pos/pattern_1,
chr2,573840,573860,+,pos/pattern_1,
chr2,574000,574020,+,pos/pattern_0,
chr2,574202,574222,+,pos/pattern_2,
chr2,591795,591815,+,pos/pattern_1,
chr2,592000,592020,-,pos/pattern_0,
chr2,592078,592098,-,pos/pattern_2,
chr2,609786,609806,-,pos/pattern_2,
chr2,610000,610020,+,pos/pattern_0,
chr2,610040,610060,+,pos/pattern_1,
chr2,627960,627980,-,pos/pattern_1,
chr2,628000,628020,-,pos/pattern_0,
chr2,628126,628146,-,pos/pattern_2,
chr2,645845,645865,-,pos/pattern_2,
chr2,645960,645980,-,pos/pattern_1,
chr2,646000,646020,-,pos/pattern_0,
chr2,664000,664020,+,pos/pattern_0,
chr2,664040,664060,+,pos/pattern_1,
chr2,664219,664239,-,pos/pattern_2,
chr2,681822,681842,+,pos/pattern_2,
chr2,681890,681910,-,pos/pattern_1,
chr2,682000,682020,+,pos/pattern_0,
chr2,700000,700020,+,pos/pattern_0,
chr2,700064,700084,+,pos/pattern_2,
chr2,700099,700119,+,pos/pattern_1,
chr2,717780,717800,-,pos/pattern_2,
chr2,717902,717922,+,pos/pattern_1,
chr2,718000,718020,+,pos/pattern_0,
chr2,735803,735823,-,pos/pattern_1,
chr2,735821,735841,-,pos/pattern_2,
chr2,736000,736020,-,pos/pattern_0,
chr2,753927,753947,+,pos/pattern_2,
chr2,754000,754020,+,pos/pattern_0,
chr2,754040,754060,+,pos/pattern_1,
chr2,771960,771980,-,pos/pattern_1,
chr2,772000,772020,-,pos/pattern_0,
chr2,772116,772136,-,pos/pattern_2,
chr2,789772,789792,+,pos/pattern_1,
chr2,789826,789846,-,pos/pattern_2,
chr2,790000,790020,+,pos/pattern_0,
chr2,808000,808020,+,pos/pattern_0,
chr2,808040,808060,+,pos/pattern_1,
chr2,808168,808188,+,pos/pattern_2,
chr2,825792,825812,+,pos/pattern_1,
chr2,825855,825875,-,pos/pattern_2,
chr2,826000,826020,+,pos/pattern_0,
chr2,844000,844020,+,pos/pattern_0,
chr2,844117,844137,+,pos/pattern_2,
chr2,844235,844255,+,pos/pattern_1,
chr2,861836,861856,-,pos/pattern_1,
chr2,862000,862020,-,pos/pattern_0,
chr2,862084,862104,+,pos/pattern_2,
chr2,880000,880020,+,pos/pattern_0,
chr2,880040,880060,+,pos/pattern_1,
chr2,880091,880111,+,pos/pattern_2,
chr2,897794,897814,+,pos/pattern_1,
chr2,897920,897940,+,pos/pattern_2,
chr2,898000,898020,-,pos/pattern_0,
chr2,916000,916020,+,pos/pattern_0,
chr2,916040,916060,+,pos/pattern_1,
chr2,916169,916189,-,pos/pattern_2,
chr2,933805,933825,+,pos/pattern_2,
chr2,933960,933980,-,pos/pattern_1,
chr2,934000,934020,-,pos/pattern_0,
chr2,951960,951980,-,pos/pattern_1,
chr2,952000,952020,-,pos/pattern_0,
chr2,952088,952108,+,pos/pattern_2,
chr2,969960,969980,-,pos/pattern_1,
chr2,970000,970020,-,pos/pattern_0,
chr2,970225,970245,-,pos/pattern_2,
chr2,988000,988020,+,pos/pattern_0,
chr2,988040,988060,+,pos/pattern_1,
chr2,988098,988118,+,pos/pattern_2,
chr2,1005907,1005927,+,pos/pattern_2,
chr2,1006000,1006020,+,pos/pattern_0,
chr2,1006200,1006220,-,pos/pattern_1,
chr2,1024000,1024020,+,pos/pattern_0,
chr2,1024040,1024060,+,pos/pattern_1,
chr2,1024187,1024207,-,pos/pattern_2,
chr2,1041960,1041980,-,pos/pattern_1,
chr2,1042000,1042020,-,pos/pattern_0,
chr2,1042119,1042139,+,pos/pattern_2,
chr2,1060000,1060020,-,pos/pattern_0,
chr2,1060076,1060096,+,pos/pattern_2,
chr2,1060226,1060246,+,pos/pattern_1,
chr2,1077807,1077827,-,pos/pattern_1,
chr2,1078000,1078020,-,pos/pattern_0,
chr2,1078207,1078227,-,pos/pattern_2,
chr2,1095960,1095980,-,pos/pattern_1,
chr2,1096000,1096020,-,pos/pattern_0,
chr2,1096225,1096245,+,pos/pattern_2,
chr2,1113784,1113804,+,pos/pattern_1,
chr2,1113905,1113925,-,pos/pattern_2,
chr2,1114000,1114020,+,pos/pattern_0,
chr2,1131919,1131939,+,pos/pattern_2,
chr2,1131960,1131980,-,pos/pattern_1,
chr2,1132000,1132020,-,pos/pattern_0,
chr2,1149863,1149883,+,pos/pattern_2,
chr2,1150000,1150020,+,pos/pattern_0,
chr2,1150040,1150060,+,pos/pattern_1,
chr2,1167836,1167856,+,pos/pattern_1,
chr2,1167889,1167909,-,pos/pattern_2,
chr2,1168000,1168020,+,pos/pattern_0,
chr2,1185863,1185883,-,pos/pattern_2,
chr2,1186000,1186020,-,pos/pattern_0,
chr2,1186180,1186200,-,pos/pattern_1,
chr2,1204000,1204020,+,pos/pattern_0,
chr2,1204040,1204060,+,pos/pattern_1,
chr2,1204083,1204103,+,pos/pattern_2,
chr2,1221960,1221980,-,pos/pattern_1,
chr2,1222000,1222020,-,pos/pattern_0,
chr2,1222137,1222157,-,pos/pattern_2,
chr2,1239960,1239980,-,pos/pattern_1,
chr2,1240000,1240020,-,pos/pattern_0,
chr2,1240238,1240258,+,pos/pattern_2,
chr2,1257843,1257863,+,pos/pattern_2,
chr2,1257960,1257980,-,pos/pattern_1,
chr2,1258000,1258020,-,pos/pattern_0,
chr2,1275772,1275792,+,pos/pattern_2,
chr2,1276000,1276020,+,pos/pattern_0,
chr2,1276040,1276060,+,pos/pattern_1,
chr2,1293823,1293843,-,pos/pattern_2,
chr2,1294000,1294020,+,pos/pattern_0,
chr2,1294040,1294060,+,pos/pattern_1,
chr2,1312000,1312020,+,pos/pattern_0,
chr2,1312074,1312094,+,pos/pattern_2,
chr2,1312235,1312255,-,pos/pattern_1,
chr2,1329888,1329908,-,pos/pattern_2,
chr2,1329960,1329980,-,pos/pattern_1,
chr2,1330000,1330020,-,pos/pattern_0,
chr2,1347906,1347926,-,pos/pattern_2,
chr2,1347960,1347980,-,pos/pattern_1,
chr2,1348000,1348020,-,pos/pattern_0,
chr2,1365880,1365900,-,pos/pattern_2,
chr2,1366000,1366020,-,pos/pattern_0,
chr2,1366153,1366173,-,pos/pattern_1,
chr2,1384000,1384020,-,pos/pattern_0,
chr2,1384111,1384131,-,pos/pattern_1,
chr2,1384114,1384134,+,pos/pattern_2,
chr2,1401766,1401786,+,pos/pattern_2,
chr2,1401960,1401980,-,pos/pattern_1,
chr2,1402000,1402020,-,pos/pattern_0,
chr2,1419925,1419945,+,pos/pattern_1,
chr2,1420000,1420020,-,pos/pattern_0,
chr2,1420178,1420198,-,pos/pattern_2,
chr2,1437797,1437817,-,pos/pattern_2,
chr2,1438000,1438020,+,pos/pattern_0,
chr2,1438040,1438060,+,pos/pattern_1,
chr2,1455918,1455938,-,pos/pattern_1,
chr2,1456000,1456020,+,pos/pattern_0,
chr2,1456186,1456206,+,pos/pattern_2,
chr2,1473910,1473930,-,pos/pattern_2,
chr2,1474000,1474020,+,pos/pattern_0,
chr2,1474198,1474218,-,pos/pattern_1,
chr2,1491846,1491866,+,pos/pattern_2,
chr2,1491960,1491980,-,pos/pattern_1,
chr2,1492000,1492020,-,pos/pattern_0,
chr2,1509781,1509801,+,pos/pattern_2,
chr2,1509960,1509980,-,pos/pattern_1,
chr2,1510000,1510020,-,pos/pattern_0,
chr2,1527871,1527891,+,pos/pattern_2,
chr2,1527960,1527980,-,pos/pattern_1,
chr2,1528000,1528020,-,pos/pattern_0,
chr2,1545921,1545941,+,pos/pattern_1,
chr2,1546000,1546020,+,pos/pattern_0,
chr2,1546143,1546163,-,pos/pattern_2,
chr2,1563881,1563901,+,pos/pattern_2,
chr2,1564000,1564020,-,pos/pattern_0,
chr2,1564147,1564167,-,pos/pattern_1,
chr2,1582000,1582020,+,pos/pattern_0,
chr2,1582112,1582132,+,pos/pattern_2,
chr2,1582178,1582198,-,pos/pattern_1,
chr2,1599798,1599818,-,pos/pattern_2,
chr2,1600000,1600020,+,pos/pattern_0,
chr2,1600040,1600060,+,pos/pattern_1,
chr2,1617960,1617980,-,pos/pattern_1,
chr2,1618000,1618020,-,pos/pattern_0,
chr2,1618099,1618119,+,pos/pattern_2,
chr2,1635960,1635980,-,pos/pattern_1,
chr2,1636000,1636020,-,pos/pattern_0,
chr2,1636164,1636184,+,pos/pattern_2,
chr2,1654000,1654020,+,pos/pattern_0,
chr2,1654040,1654060,+,pos/pattern_1,
chr2,1654113,1654133,+,pos/pattern_2,
chr2,1671798,1671818,-,pos/pattern_1,
chr2,1671925,1671945,-,pos/pattern_2,
chr2,1672000,1672020,+,pos/pattern_0,
chr2,1690000,1690020,-,pos/pattern_0,
chr2,1690140,1690160,+,pos/pattern_2,
chr2,1690229,1690249,+,pos/pattern_1,
chr2,1708000,1708020,+,pos/pattern_0,
chr2,1708040,1708060,+,pos/pattern_1,
chr2,1708192,1708212,+,pos/pattern_2,
chr2,1726000,1726020,+,pos/pattern_0,
chr2,1726040,1726060,+,pos/pattern_1,
chr2,1726181,1726201,+,pos/pattern_2,
chr2,1744000,1744020,+,pos/pattern_0,
chr2,1744040,1744060,+,pos/pattern_1,
chr2,1744060,1744080,+,pos/pattern_2,
chr2,1761960,1761980,-,pos/pattern_1,
chr2,1762000,1762020,-,pos/pattern_0,
chr2,1762065,1762085,+,pos/pattern_2,
chr2,1779817,1779837,+,pos/pattern_2,
chr2,1780000,1780020,+,pos/pattern_0,
chr2,1780114,1780134,+,pos/pattern_1,
chr2,1797937,1797957,+,pos/pattern_2,
chr2,1798000,1798020,+,pos/pattern_0,
chr2,1798125,1798145,-,pos/pattern_1,
chr2,1815762,1815782,+,pos/pattern_1,
chr2,1815797,1815817,+,pos/pattern_2,
chr2,1816000,1816020,-,pos/pattern_0,
chr2,1833897,1833917,-,pos/pattern_1,
chr2,1834000,1834020,-,pos/pattern_0,
chr2,1834234,1834254,+,pos/pattern_2,
chr2,1851779,1851799,-,pos/pattern_2,
chr2,1851960,1851980,-,pos/pattern_1,
chr2,1852000,1852020,-,pos/pattern_0,
chr2,1869809,1869829,+,pos/pattern_2,
chr2,1870000,1870020,+,pos/pattern_0,
chr2,1870040,1870060,+,pos/pattern_1,
chr2,1888000,1888020,+,pos/pattern_0,
chr2,1888040,1888060,+,pos/pattern_1,
chr2,1888185,1888205,-,pos/pattern_2,
chr3,111849,111869,-,pos/pattern_2,
chr3,111960,111980,-,pos/pattern_1,
chr3,112000,112020,-,pos/pattern_0,
chr3,129960,129980,-,pos/pattern_1,
chr3,130000,130020,-,pos/pattern_0,
chr3,130152,130172,+,pos/pattern_2,
chr3,147810,147830,+,pos/pattern_2,
chr3,148000,148020,-,pos/pattern_0,
chr3,148218,148238,-,pos/pattern_1,
chr3,165960,165980,-,pos/pattern_1,
chr3,166000,166020,-,pos/pattern_0,
chr3,166161,166181,+,pos/pattern_2,
chr3,183960,183980,-,pos/pattern_1,
chr3,184000,184020,-,pos/pattern_0,
chr3,184162,184182,-,pos/pattern_2,
chr3,202000,202020,+,pos/pattern_0,
chr3,202040,202060,+,pos/pattern_1,
chr3,202117,202137,-,pos/pattern_2,
chr3,219803,219823,-,pos/pattern_2,
chr3,219960,219980,-,pos/pattern_1,
chr3,220000,220020,-,pos/pattern_0,
chr3,238000,238020,+,pos/pattern_0,
chr3,238040,238060,+,pos/pattern_1,
chr3,238079,238099,-,pos/pattern_2,
chr3,255873,255893,+,pos/pattern_1,
chr3,256000,256020,+,pos/pattern_0,
chr3,256134,256154,-,pos/pattern_2,
chr3,273777,273797,-,pos/pattern_2,
chr3,274000,274020,-,pos/pattern_0,
chr3,274096,274116,-,pos/pattern_1,
chr3,291920,291940,+,pos/pattern_2,
chr3,291960,291980,-,pos/pattern_1,
chr3,292000,292020,-,pos/pattern_0,
chr3,309858,309878,-,pos/pattern_2,
chr3,309960,309980,-,pos/pattern_1,
chr3,310000,310020,-,pos/pattern_0,
chr3,327883,327903,-,pos/pattern_2,
chr3,327960,327980,-,pos/pattern_1,
chr3,328000,328020,-,pos/pattern_0,
chr3,346000,346020,-,pos/pattern_0,
chr3,346084,346104,-,pos/pattern_1,
chr3,346089,346109,-,pos/pattern_2,
chr3,363885,363905,+,pos/pattern_2,
chr3,363960,363980,-,pos/pattern_1,
chr3,364000,364020,-,pos/pattern_0,
chr3,382000,382020,+,pos/pattern_0,
chr3,382040,382060,+,pos/pattern_1,
chr3,382113,382133,+,pos/pattern_2,
chr3,399821,399841,-,pos/pattern_2,
chr3,399960,399980,-,pos/pattern_1,
chr3,400000,400020,-,pos/pattern_0,
chr3,417960,417980,-,pos/pattern_1,
chr3,418000,418020,-,pos/pattern_0,
chr3,418107,418127,-,pos/pattern_2,
chr3,436000,436020,+,pos/pattern_0,
chr3,436040,436060,+,pos/pattern_1,
chr3,436196,436216,+,pos/pattern_2,
chr3,453916,453936,-,pos/pattern_1,
chr3,454000,454020,+,pos/pattern_0,
chr3,454106,454126,-,pos/pattern_2,
chr3,472000,472020,+,pos/pattern_0,
chr3,472040,472060,+,pos/pattern_1,
chr3,472224,472244,+,pos/pattern_2,
chr3,489960,489980,-,pos/pattern_1,
chr3,490000,490020,-,pos/pattern_0,
chr3,490100,490120,-,pos/pattern_2,
chr3,508000,508020,+,pos/pattern_0,
chr3,508092,508112,+,pos/pattern_1,
chr3,508217,508237,-,pos/pattern_2,
chr3,525763,525783,-,pos/pattern_2,
chr3,525833,525853,-,pos/pattern_1,
chr3,526000,526020,+,pos/pattern_0,
chr3,543910,543930,-,pos/pattern_2,
chr3,543960,543980,-,pos/pattern_1,
chr3,544000,544020,-,pos/pattern_0,
chr3,562000,562020,+,pos/pattern_0,
chr3,562097,562117,-,pos/pattern_1,
chr3,562197,562217,-,pos/pattern_2,
chr3,579960,579980,-,pos/pattern_1,
chr3,580000,580020,-,pos/pattern_0,
chr3,580166,580186,-,pos/pattern_2,
chr3,597840,597860,-,pos/pattern_2,
chr3,598000,598020,+,pos/pattern_0,
chr3,598040,598060,+,pos/pattern_1,
chr3,615786,615806,+,pos/pattern_1,
chr3,616000,616020,-,pos/pattern_0,
chr3,616080,616100,+,pos/pattern_2,
chr3,633917,633937,+,pos/pattern_1,
chr3,634000,634020,+,pos/pattern_0,
chr3,634073,634093,+,pos/pattern_2,
chr3,651884,651904,+,pos/pattern_1,
chr3,651896,651916,+,pos/pattern_2,
chr3,652000,652020,+,pos/pattern_0,
chr3,670000,670020,+,pos/pattern_0,
chr3,670040,670060,+,pos/pattern_1,
chr3,670173,670193,+,pos/pattern_2,
chr3,688000,688020,+,pos/pattern_0,
chr3,688040,688060,+,pos/pattern_1,
chr3,688073,688093,+,pos/pattern_2,
chr3,705936,705956,+,pos/pattern_2,
chr3,706000,706020,+,pos/pattern_0,
chr3,706040,706060,+,pos/pattern_1,
chr3,723922,723942,+,pos/pattern_2,
chr3,723960,723980,-,pos/pattern_1,
chr3,724000,724020,-,pos/pattern_0,
chr3,741893,741913,-,pos/pattern_2,
chr3,742000,742020,+,pos/pattern_0,
chr3,742040,742060,+,pos/pattern_1,
chr3,759787,759807,+,pos/pattern_2,
chr3,760000,760020,-,pos/pattern_0,
chr3,760128,760148,+,pos/pattern_1,
chr3,777794,777814,+,pos/pattern_2,
chr3,778000,778020,+,pos/pattern_0,
chr3,778040,778060,+,pos/pattern_1,
chr3,795882,795902,+,pos/pattern_2,
chr3,796000,796020,+,pos/pattern_0,
chr3,796040,796060,+,pos/pattern_1,
chr3,814000,814020,+,pos/pattern_0,
chr3,814040,814060,+,pos/pattern_1,
chr3,814114,814134,+,pos/pattern_2,
chr3,831960,831980,-,pos/pattern_1,
chr3,832000,832020,-,pos/pattern_0,
chr3,832147,832167,-,pos/pattern_2,
chr3,849836,849856,-,pos/pattern_2,
chr3,849838,849858,+,pos/pattern_1,
chr3,850000,850020,-,pos/pattern_0,
chr3,867867,867887,+,pos/pattern_2,
chr3,868000,868020,+,pos/pattern_0,
chr3,868040,868060,+,pos/pattern_1,
chr3,885960,885980,-,pos/pattern_1,
chr3,886000,886020,-,pos/pattern_0,
chr3,886201,886221,-,pos/pattern_2,
chr3,903854,903874,-,pos/pattern_2,
chr3,903960,903980,-,pos/pattern_1,
chr3,904000,904020,-,pos/pattern_0,
chr3,922000,922020,+,pos/pattern_0,
chr3,922040,922060,+,pos/pattern_1,
chr3,922143,922163,-,pos/pattern_2,
chr3,939886,939906,+,pos/pattern_2,
chr3,940000,940020,+,pos/pattern_0,
chr3,940040,940060,+,pos/pattern_1,
chr3,958000,958020,+,pos/pattern_0,
chr3,958123,958143,-,pos/pattern_2,
chr3,958223,958243,-,pos/pattern_1,
chr3,975886,975906,+,pos/pattern_2,
chr3,976000,976020,-,pos/pattern_0,
chr3,976206,976226,+,pos/pattern_1,
chr3,993871,993891,-,pos/pattern_1,
chr3,994000,994020,+,pos/pattern_0,
chr3,994127,994147,+,pos/pattern_2,
chr3,1011807,1011827,+,pos/pattern_2,
chr3,1011960,1011980,-,pos/pattern_1,
chr3,1012000,1012020,-,pos/pattern_0,
chr3,1029762,1029782,-,pos/pattern_2,
chr3,1029932,1029952,+,pos/pattern_1,
chr3,1030000,1030020,+,pos/pattern_0,
chr3,1048000,1048020,+,pos/pattern_0,
chr3,1048040,1048060,+,pos/pattern_1,
chr3,1048100,1048120,+,pos/pattern_2,
chr3,1066000,1066020,+,pos/pattern_0,
chr3,1066078,1066098,+,pos/pattern_2,
chr3,1066096,1066116,-,pos/pattern_1,
chr3,1083873,1083893,-,pos/pattern_2,
chr3,1084000,1084020,+,pos/pattern_0,
chr3,1084040,1084060,+,pos/pattern_1,
chr3,1101960,1101980,-,pos/pattern_1,
chr3,1102000,1102020,-,pos/pattern_0,
chr3,1102215,1102235,+,pos/pattern_2,
chr3,1119932,1119952,+,pos/pattern_2,
chr3,1120000,1120020,+,pos/pattern_0,
chr3,1120040,1120060,+,pos/pattern_1,
chr3,1137960,1137980,-,pos/pattern_1,
chr3,1138000,1138020,-,pos/pattern_0,
chr3,1138097,1138117,-,pos/pattern_2,
chr3,1155960,1155980,-,pos/pattern_1,
chr3,1156000,1156020,-,pos/pattern_0,
chr3,1156214,1156234,-,pos/pattern_2,
chr3,1174000,1174020,+,pos/pattern_0,
chr3,1174157,1174177,+,pos/pattern_2,
chr3,1174184,1174204,+,pos/pattern_1,
chr3,1191960,1191980,-,pos/pattern_1,
chr3,1192000,1192020,-,pos/pattern_0,
chr3,1192096,1192116,-,pos/pattern_2,
chr3,1210000,1210020,+,pos/pattern_0,
chr3,1210040,1210060,+,pos/pattern_1,
chr3,1210105,1210125,+,pos/pattern_2,
chr3,1227811,1227831,-,pos/pattern_2,
chr3,1228000,1228020,+,pos/pattern_0,
chr3,1228040,1228060,+,pos/pattern_1,
chr3,1246000,1246020,+,pos/pattern_0,
chr3,1246040,1246060,+,pos/pattern_1,
chr3,1246159,1246179,+,pos/pattern_2,
chr3,1263809,1263829,+,pos/pattern_2,
chr3,1264000,1264020,-,pos/pattern_0,
chr3,1264156,1264176,-,pos/pattern_1,
chr3,1281889,1281909,-,pos/pattern_2,
chr3,1281960,1281980,-,pos/pattern_1,
chr3,1282000,1282020,-,pos/pattern_0,
chr3,1299886,1299906,+,pos/pattern_2,
chr3,1299960,1299980,-,pos/pattern_1,
chr3,1300000,1300020,-,pos/pattern_0,
chr3,1317818,1317838,-,pos/pattern_2,
chr3,1317960,1317980,-,pos/pattern_1,
chr3,1318000,1318020,-,pos/pattern_0,
chr3,1336000,1336020,-,pos/pattern_0,
chr3,1336217,1336237,-,pos/pattern_1,
chr3,1336219,1336239,+,pos/pattern_2,
chr3,1353924,1353944,-,pos/pattern_2,
chr3,1354000,1354020,+,pos/pattern_0,
chr3,1354040,1354060,+,pos/pattern_1,
chr3,1371922,1371942,+,pos/pattern_1,
chr3,1372000,1372020,+,pos/pattern_0,
chr3,1372147,1372167,-,pos/pattern_2,
chr3,1389785,1389805,-,pos/pattern_2,
chr3,1390000,1390020,+,pos/pattern_0,
chr3,1390040,1390060,+,pos/pattern_1,
chr3,1408000,1408020,+,pos/pattern_0,
chr3,1408040,1408060,+,pos/pattern_1,
chr3,1408151,1408171,-,pos/pattern_2,
chr3,1425940,1425960,-,pos/pattern_2,
chr3,1425960,1425980,-,pos/pattern_1,
chr3,1426000,1426020,-,pos/pattern_0,
chr3,1443761,1443781,-,pos/pattern_2,
chr3,1443960,1443980,-,pos/pattern_1,
chr3,1444000,1444020,-,pos/pattern_0,
chr3,1461809,1461829,-,pos/pattern_2,
chr3,1462000,1462020,+,pos/pattern_0,
chr3,1462040,1462060,+,pos/pattern_1,
chr3,1479786,1479806,-,pos/pattern_2,
chr3,1479960,1479980,-,pos/pattern_1,
chr3,1480000,1480020,-,pos/pattern_0,
chr3,1498000,1498020,+,pos/pattern_0,
chr3,1498040,1498060,+,pos/pattern_1,
chr3,1498076,1498096,+,pos/pattern_2,
chr3,1515829,1515849,-,pos/pattern_2,
chr3,1515960,1515980,-,pos/pattern_1,
chr3,1516000,1516020,-,pos/pattern_0,
chr3,1533849,1533869,-,pos/pattern_1,
chr3,1533898,1533918,+,pos/pattern_2,
chr3,1534000,1534020,+,pos/pattern_0,
chr3,1552000,1552020,-,pos/pattern_0,
chr3,1552177,1552197,-,pos/pattern_1,
chr3,1552219,1552239,-,pos/pattern_2,
chr3,1569960,1569980,-,pos/pattern_1,
chr3,1570000,1570020,-,pos/pattern_0,
chr3,1570122,1570142,+,pos/pattern_2,
chr3,1588000,1588020,+,pos/pattern_0,
chr3,1588040,1588060,+,pos/pattern_1,
chr3,1588082,1588102,-,pos/pattern_2,
chr3,1605923,1605943,-,pos/pattern_2,
chr3,1606000,1606020,+,pos/pattern_0,
chr3,1606040,1606060,+,pos/pattern_1,
chr3,1623960,1623980,-,pos/pattern_1,
chr3,1624000,1624020,-,pos/pattern_0,
chr3,1624228,1624248,-,pos/pattern_2,
chr3,1641924,1641944,-,pos/pattern_1,
chr3,1642000,1642020,-,pos/pattern_0,
chr3,1642078,1642098,-,pos/pattern_2,
chr3,1659857,1659877,-,pos/pattern_2,
chr3,1660000,1660020,+,pos/pattern_0,
chr3,1660040,1660060,+,pos/pattern_1,
chr3,1678000,1678020,+,pos/pattern_0,
chr3,1678040,1678060,+,pos/pattern_1,
chr3,1678132,1678152,+,pos/pattern_2,
chr3,1695921,1695941,-,pos/pattern_1,
chr3,1696000,1696020,+,pos/pattern_0,
chr3,1696064,1696084,-,pos/pattern_2,
chr3,1713823,1713843,+,pos/pattern_2,
chr3,1713960,1713980,-,pos/pattern_1,
chr3,1714000,1714020,-,pos/pattern_0,
chr3,1731862,1731882,-,pos/pattern_2,
chr3,1732000,1732020,+,pos/pattern_0,
chr3,1732040,1732060,+,pos/pattern_1,
chr3,1749802,1749822,-,pos/pattern_1,
chr3,1750000,1750020,+,pos/pattern_0,
chr3,1750213,1750233,+,pos/pattern_2,
chr3,1768000,1768020,-,pos/pattern_0,
chr3,1768109,1768129,+,pos/pattern_1,
chr3,1768121,1768141,-,pos/pattern_2,
chr3,1785960,1785980,-,pos/pattern_1,
chr3,1786000,1786020,-,pos/pattern_0,
chr3,1786108,1786128,+,pos/pattern_2,
chr3,1803783,1803803,-,pos/pattern_2,
chr3,1804000,1804020,+,pos/pattern_0,
chr3,1804040,1804060,+,pos/pattern_1,
chr3,1821835,1821855,-,pos/pattern_2,
chr3,1822000,1822020,+,pos/pattern_0,
chr3,1822040,1822060,+,pos/pattern_1,
chr3,1840000,1840020,+,pos/pattern_0,
chr3,1840109,1840129,-,pos/pattern_2,
chr3,1840132,1840152,+,pos/pattern_1,
chr3,1857960,1857980,-,pos/pattern_1,
chr3,1858000,1858020,-,pos/pattern_0,
chr3,1858169,1858189,+,pos/pattern_2,
chr3,1875873,1875893,+,pos/pattern_1,
chr3,1875901,1875921,-,pos/pattern_2,
chr3,1876000,1876020,+,pos/pattern_0,
chr3,1893880,1893900,-,pos/pattern_1,
chr3,1894000,1894020,-,pos/pattern_0,
chr3,1894083,1894103,+,pos/pattern_2,
